"NOM_MUN","id"
"Tlalpan","9012"
"Xochimilco","9013"
"La Magdalena Contreras","9008"
"Azcapotzalco","9002"
"Benito Ju,"9014"
"Cuauht,"9015"
","9010"
"Gustavo A. Madero","9005"
"Cuajimalpa de Morelos","9004"
"Miguel Hidalgo","9016"
"Iztacalco","9006"
"Coyoac,"9003"
"Venustiano Carranza","9017"
"Tl,"9011"
"Iztapalapa","9007"
"Milpa Alta","9009"
"Apaxtla","12006"
"Cocula","12017"
"Cuetzala del Progreso","12026"
"Chilapa de ,"12028"
"Chilpancingo de los Bravo","12029"
"General Canuto A. Neri","12031"
"General Heliodoro Castillo","12032"
"Huitzuco de los Figueroa","12034"
"Juan R. Escudero","12039"
"Leonardo Bravo","12040"
"M,"12042"
"Mochitl,"12044"
"Quechultenango","12051"
"San Marcos","12053"
"Tecoanapa","12056"
"Teloloapan","12058"
"Tepecoacuilco de Trujano","12059"
"Tixtla de Guerrero","12061"
"Zitlala","12074"
"Eduardo Neri","12075"
"Iguala de la Independencia","12035"
"Coyuca de Ben,"12021"
"Alpoyeca","12005"
"Atenango del R,"12008"
"Atlamajalcingo del Monte","12009"
"Atlixtac","12010"
"Ayutla de los Libres","12012"
"Azoy,"12013"
"Copala","12018"
"Copalillo","12019"
"Copanatoyac","12020"
"Cual,"12024"
"Cuautepec","12025"
"Florencio Villarreal","12030"
"Huamuxtitl,"12033"
"Igualapa","12036"
"Malinaltepec","12041"
"Olinal,"12045"
"Ometepec","12046"
"San Luis Acatl,"12052"
"Tlacoapa","12063"
"Tlapa de Comonfort","12066"
"Xalpatl,"12069"
"Xochihuehuetl,"12070"
"Xochistlahuaca","12071"
"Zapotitl,"12072"
"Acatepec","12076"
"Marquelia","12077"
"Jos,"12079"
"Juchit,"12080"
"Iliatenco","12081"
"Cuajinicuilapa","12023"
"Tlacoachistlahuaca","12062"
"Tlalixtaquilla de Maldonado","12065"
"Alcozauca de Guerrero","12004"
"Metlat,"12043"
"Cochoapa el Grande","12078"
"Ahuacuotzingo","12002"
"Petatl,"12048"
"Ajuchitl,"12003"
"Arcelia","12007"
"Atoyac de ,"12011"
"Benito Ju,"12014"
"Coahuayutla de Jos,"12016"
"Cutzamala de Pinz,"12027"
"San Miguel Totolapan","12054"
"T,"12057"
"Tlalchapa","12064"
"Tlapehuala","12067"
"Coyuca de Catal,"12022"
"Zir,"12073"
"La Uni,"12068"
"Ixcateopan de Cuauht,"12037"
"Pedro Ascencio Alquisiras","12047"
"Pilcaya","12049"
"Tetipac","12060"
"Taxco de Alarc,"12055"
"Buenavista de Cu,"12015"
"Pungarabato","12050"
"Zihuatanejo de Azueta","12038"
"Acapulco de Ju,"12001"
"Tejupilco","15082"
"Tlalnepantla de Baz","15104"
"San Mart,"15075"
"Otumba","15065"
"Jaltenco","15044"
"Joquicingo","15049"
"Almoloya de Alquisiras","15004"
"Tenancingo","15088"
"Morelos","15056"
"Tonanitla","15125"
"San Jos,"15124"
"Luvianos","15123"
"Valle de Chalco Solidaridad","15122"
"Cuautitl,"15121"
"Zumpango","15120"
"Zumpahuac,"15119"
"Zinacantepec","15118"
"Zacualpan","15117"
"Zacazonapan","15116"
"Xonacatl,"15115"
"Villa Victoria","15114"
"Villa Guerrero","15113"
"Villa del Carb,"15112"
"Villa de Allende","15111"
"Valle de Bravo","15110"
"Tonatico","15107"
"Toluca","15106"
"Tlatlaya","15105"
"Tlalmanalco","15103"
"Timilpan","15102"
"Tianguistenco","15101"
"Tezoyuca","15100"
"Texcoco","15099"
"Texcalyacac","15098"
"Texcaltitl,"15097"
"Tequixquiac","15096"
"Tepotzotl,"15095"
"Tepetlixpa","15094"
"Tepetlaoxtoc","15093"
"Teotihuac,"15092"
"Teoloyucan","15091"
"Tenango del Valle","15090"
"Tenango del Aire","15089"
"Temoaya","15087"
"Temascaltepec","15086"
"Temascalcingo","15085"
"Temascalapa","15084"
"Temamatla","15083"
"Tec,"15081"
"Sultepec","15080"
"Soyaniquilpan de Ju,"15079"
"Santo Tom,"15078"
"San Sim,"15077"
"San Mateo Atenco","15076"
"San Felipe del Progreso","15074"
"San Antonio la Isla","15073"
"Ray,"15072"
"Polotitl,"15071"
"La Paz","15070"
"Papalotla","15069"
"Ozumba","15068"
"Otzolotepec","15067"
"Otzoloapan","15066"
"El Oro","15064"
"Ocuilan","15063"
"Ocoyoacac","15062"
"Nopaltepec","15061"
"Nicol,"15060"
"Nezahualc,"15058"
"Naucalpan de Ju,"15057"
"Mexicaltzingo","15055"
"Metepec","15054"
"Melchor Ocampo","15053"
"Malinalco","15052"
"Lerma","15051"
"Juchitepec","15050"
"Jocotitl,"15048"
"Jiquipilco","15047"
"Jilotzingo","15046"
"Jilotepec","15045"
"Xalatlaco","15043"
"Ixtlahuaca","15042"
"Ixtapan del Oro","15041"
"Ixtapan de la Sal","15040"
"Ixtapaluca","15039"
"Isidro Fabela","15038"
"Huixquilucan","15037"
"Hueypoxtla","15036"
"Huehuetoca","15035"
"Ecatzingo","15034"
"Ecatepec de Morelos","15033"
"Donato Guerra","15032"
"Chimalhuac,"15031"
"Chiconcuac","15030"
"Chicoloapan","15029"
"Chiautla","15028"
"Chapultepec","15027"
"Chapa de Mota","15026"
"Chalco","15025"
"Cuautitl,"15024"
"Coyotepec","15023"
"Cocotitl,"15022"
"Coatepec Harinas","15021"
"Coacalco de Berrioz,"15020"
"Capulhuac","15019"
"Calimaya","15018"
"Ayapango","15017"
"Axapusco","15016"
"Atlautla","15015"
"Atlacomulco","15014"
"Atizap,"15013"
"Atizap,"15012"
"Atenco","15011"
"Apaxco","15010"
"Amecameca","15009"
"Amatepec","15008"
"Amanalco","15007"
"Almoloya del R,"15006"
"Almoloya de Ju,"15005"
"Aculco","15003"
"Acolman","15002"
"Acambay","15001"
"Yautepec","17029"
"Mazatepec","17014"
"Tepoztl,"17020"
"Temixco","17018"
"Cuernavaca","17007"
"Xochitepec","17028"
"Coatl,"17005"
"Miacatl,"17015"
"Huitzilac","17009"
"Ocuituco","17016"
"Yecapixtla","17030"
"Zacualpan","17032"
"Tetela del Volc,"17022"
"Totolapan","17027"
"Tlayacapan","17026"
"Tlalnepantla","17023"
"Cuautla","17006"
"Atlatlahucan","17002"
"Ayala","17004"
"Zacatepec","17031"
"Emiliano Zapata","17008"
"Jiutepec","17011"
"Jojutla","17012"
"Amacuzac","17001"
"Tetecala","17021"
"Puente de Ixtla","17017"
"Temoac","17033"
"Jonacatepec","17013"
"Jantetelco","17010"
"Tlaltizap,"17024"
"Tlaquiltenango","17025"
"Tepalcingo","17019"
"Axochiapan","17003"
"Mazatl,"25012"
"Sinaloa","25017"
"Culiac,"25006"
"Navolato","25018"
"San Ignacio","25016"
"Salvador Alvarado","25015"
"Rosario","25014"
"Mocorito","25013"
"Guasave","25011"
"El Fuerte","25010"
"Escuinapa","25009"
"Elota","25008"
"Choix","25007"
"Cosal,"25005"
"Concordia","25004"
"Badiraguato","25003"
"Ahome","25001"
"Angostura","25002"
"Etchojoa","26026"
"Navojoa","26042"
"B,"26012"
"Huatabampo","26033"
"Hu,"26032"
"Puerto Pe,"26048"
"Caborca","26017"
"Ray,"26050"
"Quiriego","26049"
"Pitiquito","26047"
"Oquitoa","26046"
"Opodepe","26045"
"Onavas","26044"
"Nogales","26043"
"Nacozari de Garc,"26041"
"N,"26040"
"Naco","26039"
"Moctezuma","26038"
"Mazat,"26037"
"Magdalena","26036"
"Imuris","26035"
"Hu,"26034"
"Huachinera","26031"
"Villa Pesqueira","26068"
"Granados","26028"
"Fronteras","26027"
"Empalme","26025"
"Divisaderos","26024"
"Cumpas","26023"
"Cucurpe","26022"
"La Colorada","26021"
"Carb,"26020"
"Cananea","26019"
"Cajeme","26018"
"Benjam,"26016"
"Bavispe","26015"
"Bavi,"26014"
"Ban,"26013"
"Bacoachi","26011"
"Bacerac","26010"
"Bacanora","26009"
"Bacad,"26008"
"Atil","26007"
"Arizpe","26006"
"Arivechi","26005"
"Altar","26004"
"Alamos","26003"
"Agua Prieta","26002"
"Aconchi","26001"
"San Ignacio R,"26072"
"Benito Ju,"26071"
"General Plutarco El,"26070"
"Y,"26069"
"Villa Hidalgo","26067"
"Ures","26066"
"Tubutama","26065"
"Trincheras","26064"
"Tepache","26063"
"Suaqui Grande","26062"
"Soyopa","26061"
"S,"26060"
"Santa Cruz","26059"
"Santa Ana","26058"
"San Pedro de la Cueva","26057"
"San Miguel de Horcasitas","26056"
"San Javier","26054"
"San Felipe de Jes,"26053"
"Sahuaripa","26052"
"Rosario","26051"
"San Luis R,"26055"
"Tijuana","2004"
"Tecate","2003"
"Playas de Rosarito","2005"
"Mexicali","2002"
"Ensenada","2001"
"Guaymas","26029"
"Hermosillo","26030"
"Loreto","3009"
"La Paz","3003"
"Muleg,"3002"
"Comond,"3001"
"Los Cabos","3008"
"Tecom,"6009"
"Manzanillo","6007"
"Armer,"6001"
"Coquimatl,"6004"
"Villa de ,"6010"
"Comala","6003"
"Minatitl,"6008"
"Colima","6002"
"Ixtlahuac,"6006"
"Cuauht,"6005"
"Acaponeta","18001"
"Ahuacatl,"18002"
"Amatl,"18003"
"Huajicori","18005"
"Ixtl,"18006"
"Jala","18007"
"Xalisco","18008"
"Del Nayar","18009"
"Ru,"18011"
"San Pedro Lagunillas","18013"
"Santa Mar,"18014"
"Tecuala","18016"
"Tepic","18017"
"Tuxpan","18018"
"La Yesca","18019"
"Bah,"18020"
"Compostela","18004"
"Santiago Ixcuintla","18015"
"San Blas","18012"
"Rosamorada","18010"
"Puerto Vallarta","14067"
"La Huerta","14043"
"Santa Mar,"14081"
"Huej,"14041"
"Huejuquilla el Alto","14042"
"Villa Guerrero","14115"
"Totatiche","14104"
"Colotl,"14025"
"Mezquitic","14061"
"Villa Hidalgo","14116"
"Ojuelos de Jalisco","14064"
"Chimaltit,"14031"
"Bola,"14019"
"San Mart,"14076"
"Mexticac,"14060"
"San Diego de Alejandr,"14072"
"San Juli,"14074"
"San Crist,"14071"
"Jalostotitl,"14046"
"Yahualica de Gonz,"14118"
"Ca,"14117"
"Hostotipaquillo","14040"
"San Marcos","14075"
"Cuqu,"14029"
"San Juanito de Escobedo","14007"
"Magdalena","14055"
"Tequila","14094"
"Etzatl,"14036"
"Ahualulco de Mercado","14003"
"Teuchitl,"14095"
"San Sebasti,"14080"
"Guachinango","14038"
"Jes,"14048"
"Guadalajara","14039"
"San Miguel el Alto","14078"
"Tototl,"14105"
"Zapotl,"14123"
"Atotonilco el Alto","14013"
"Ameca","14006"
"Ixtlahuac,"14044"
"Acatl,"14002"
"Mixtl,"14062"
"Degollado","14033"
"San Mart,"14077"
"Ayotl,"14016"
"Ixtlahuac,"14045"
"Amacueca","14004"
"Juchitl,"14052"
"Arandas","14008"
"San Ignacio Cerro Gordo","14125"
"Tala","14083"
"Zapopan","14120"
"El Salto","14070"
"El Arenal","14009"
"Amatit,"14005"
"Teocaltiche","14091"
"Valle de Guadalupe","14111"
"Tepatitl,"14093"
"Encarnaci,"14035"
"San Juan de los Lagos","14073"
"Lagos de Moreno","14053"
"Uni,"14109"
"Techaluta de Montenegro","14089"
"Sayula","14082"
"Tonaya","14102"
"Tapalpa","14086"
"Valle de Ju,"14112"
"Villa Purificaci,"14068"
"El Lim,"14054"
"Ejutla","14034"
"Atoyac","14014"
"Concepci,"14026"
"G,"14079"
"Uni,"14110"
"El Grullo","14037"
"Tlaquepaque","14098"
"Tonal,"14101"
"Juanacatl,"14051"
"Acatic","14001"
"Zapotlanejo","14124"
"Tlajomulco de Z,"14097"
"La Manzanilla de la Paz","14057"
"Mazamitla","14059"
"Tizap,"14096"
"Teocuitatl,"14092"
"Chiquilistl,"14032"
"Tuxcueca","14107"
"Tecolotl,"14088"
"Ayutla","14017"
"Tomatl,"14100"
"Tenamaxtl,"14090"
"Cabo Corrientes","14020"
"La Barca","14018"
"Atemajac de Brizuela","14010"
"Cocula","14024"
"Villa Corona","14114"
"Atenguillo","14012"
"Zacoalco de Torres","14119"
"Atengo","14011"
"Cuautla","14028"
"Mascota","14058"
"Talpa de Allende","14084"
"Chapala","14030"
"Jocotepec","14050"
"Poncitl,"14066"
"Ocotl,"14063"
"Jamay","14047"
"San Gabriel","14113"
"Zapotiltic","14121"
"Autl,"14015"
"Tuxcacuesco","14106"
"Zapotl,"14023"
"Quitupan","14069"
"Pihuamo","14065"
"Cihuatl,"14022"
"Zapotitl,"14122"
"Tonila","14103"
"Tuxpan","14108"
"Tecalitl,"14087"
"Santa Mar,"14056"
"Casimiro Castillo","14021"
"Cuautitl,"14027"
"Tamazula de Gordiano","14085"
"Jilotl,"14049"
"Tolim,"14099"
"Zamora","16108"
"Tanganc,"16085"
"L,"16052"
"Aquila","16008"
"Arteaga","16010"
"Tumbiscat,"16096"
"San Lucas","16077"
"Coahuayana","16014"
"Huetamo","16038"
"Churumuco","16029"
"Chinicuila","16026"
"Coalcom,"16015"
"Aguililla","16002"
"La Huacana","16035"
"M,"16055"
"Turicato","16097"
"Car,"16013"
"Tepalcatepec","16089"
"Apatzing,"16006"
"Par,"16064"
"Nocup,"16057"
"Nuevo Urecho","16059"
"Gabriel Zamora","16033"
"Ario","16009"
"Susupuato","16081"
"Tiquicheo de Nicol,"16092"
"Ju,"16046"
"Taretan","16087"
"Buenavista","16012"
"Tac,"16082"
"Tuzantla","16099"
"Salvador Escalante","16079"
"Ziracuaretiro","16111"
"Nuevo Parangaricutiro","16058"
"Tanc,"16083"
"Jungapeo","16047"
"Madero","16049"
"Acuitzio","16001"
"Zit,"16112"
"Huiramba","16039"
"P,"16066"
"Perib,"16068"
"Tingambato","16090"
"Uruapan","16102"
"Lagunillas","16048"
"Ocampo","16061"
"Tuxpan","16098"
"Tzintzuntzan","16100"
"Tzitzio","16101"
"Angangueo","16005"
"Aporo","16007"
"Erongar,"16032"
"Paracho","16065"
"Nahuatzen","16056"
"Quiroga","16073"
"Irimbo","16041"
"Charo","16022"
"Cher,"16024"
"Los Reyes","16075"
"Charapan","16021"
"Senguio","16080"
"Quer,"16072"
"Tocumbo","16095"
"Morelia","16053"
"Tlalpujahua","16093"
"Hidalgo","16034"
"Indaparapeo","16040"
"Tar,"16088"
"Ting,"16091"
"Cotija","16019"
"Chilchota","16025"
"Coeneo","16016"
"Zinap,"16110"
"Huaniqueo","16037"
","16003"
"Chuc,"16027"
"Cop,"16018"
"Jim,"16044"
"Pur,"16070"
"Zacapu","16107"
"Tangamandapio","16084"
"Jacona","16043"
"Maravat,"16050"
"Huandacareo","16036"
"Morelos","16054"
"Cuitzeo","16020"
"Santa Ana Maya","16078"
"Contepec","16017"
"Jiquilpan","16045"
"Tlazazalca","16094"
"Villamar","16104"
"Marcos Castellanos","16051"
"Sahuayo","16076"
"Panind,"16063"
"Chavinda","16023"
"Cojumatl,"16074"
"Penjamillo","16067"
"Angamacutiro","16004"
"Ixtl,"16042"
"Churintzio","16028"
"Venustiano Carranza","16103"
"Pajacuar,"16062"
"Epitacio Huerta","16031"
"Zin,"16109"
"Ecuandureo","16030"
"Puru,"16071"
"Brise,"16011"
"Numar,"16060"
"Vista Hermosa","16105"
"Jos,"16113"
"Tanhuato","16086"
"Yur,"16106"
"La Piedad","16069"
"G,"10007"
"Tamazula","10034"
"Topia","10037"
"Vicente Guerrero","10038"
"Nuevo Ideal","10039"
"Tepehuanes","10035"
"S,"10033"
"San Juan de Guadalupe","10027"
"Santa Clara","10031"
"Canatl,"10001"
"Canelas","10002"
"Coneto de Comonfort","10003"
"Cuencam,"10004"
"Durango","10005"
"Guadalupe Victoria","10008"
"Hidalgo","10010"
"Ind,"10011"
"Mapim,"10013"
"Mezquital","10014"
"Nazas","10015"
"Nombre de Dios","10016"
"El Oro","10018"
"Ot,"10019"
"P,"10020"
"Pe,"10021"
"Poanas","10022"
"Pueblo Nuevo","10023"
"Rodeo","10024"
"San Bernardo","10025"
"San Dimas","10026"
"San Juan del R,"10028"
"San Luis del Cordero","10029"
"San Pedro del Gallo","10030"
"Santiago Papasquiaro","10032"
"General Sim,"10006"
"Lerdo","10012"
"Ocampo","10017"
"Guanacev,"10009"
"Bach,"8006"
"Chihuahua","8019"
"Aquiles Serd,"8004"
"Ju,"8037"
"Casas Grandes","8013"
"Nuevo Casas Grandes","8050"
"Praxedis G. Guerrero","8053"
"Ascensi,"8005"
"G,"8025"
"Ch,"8020"
"Galeana","8023"
"Guadalupe","8028"
"Guazapares","8030"
"Janos","8035"
"Madera","8040"
"Maguarichi","8041"
"Matach,"8043"
"Ocampo","8051"
"Tem,"8063"
"Urique","8065"
"Uruachi","8066"
"Guadalupe y Calvo","8029"
"Morelos","8046"
"Moris","8047"
"Aldama","8002"
"Rosales","8055"
"Delicias","8021"
"Meoqui","8045"
"Ahumada","8001"
"Cuauht,"8017"
"Riva Palacio","8054"
"Hidalgo del Parral","8032"
"Allende","8003"
"Camargo","8011"
"Jim,"8036"
"Julimes","8038"
"Ojinaga","8052"
"Saucillo","8062"
"Manuel Benavides","8042"
"Balleza","8007"
"Batopilas","8008"
"Bocoyna","8009"
"Buenaventura","8010"
"Carich,"8012"
"Coronado","8014"
"Coyame del Sotol","8015"
"La Cruz","8016"
"Cusihuiriachi","8018"
"Dr. Belisario Dom,"8022"
"Santa Isabel","8024"
"Gran Morelos","8026"
"Guachochi","8027"
"Guerrero","8031"
"Huejotit,"8033"
"Ignacio Zaragoza","8034"
"L,"8039"
"Matamoros","8044"
"Namiquipa","8048"
"Nonoava","8049"
"Rosario","8056"
"San Francisco de Borja","8057"
"San Francisco de Conchos","8058"
"San Francisco del Oro","8059"
"Santa B,"8060"
"Satev,"8061"
"El Tule","8064"
"Valle de Zaragoza","8067"
"Melchor Ocampo","32027"
"Concepci,"32007"
"El Salvador","32041"
"Calera","32005"
"Ca,"32006"
"Cuauht,"32008"
"Fresnillo","32010"
"Genaro Codina","32012"
"General Enrique Estrada","32013"
"General P,"32016"
"Jerez","32020"
"Loreto","32024"
"Luis Moya","32025"
"Mazapil","32026"
"Monte Escobedo","32031"
"Morelos","32032"
"Noria de ,"32035"
"Ojocaliente","32036"
"P,"32037"
"Pinos","32038"
"R,"32039"
"Sain Alto","32040"
"Sombrerete","32042"
"Susticac,"32043"
"Tepetongo","32046"
"Villa Garc,"32052"
"Villa Gonz,"32053"
"Villa Hidalgo","32054"
"Villanueva","32055"
"Trancoso","32057"
"Apozol","32001"
"Apulco","32002"
"Atolinga","32003"
"Benito Ju,"32004"
"Trinidad Garc,"32011"
"El Plateado de Joaqu,"32015"
"Huanusco","32018"
"Jalpa","32019"
"Juchipila","32023"
"Mezquital del Oro","32028"
"Momax","32030"
"Moyahua de Estrada","32033"
"Nochistl,"32034"
"Tabasco","32044"
"Tepechitl,"32045"
"Te,"32047"
"Tlaltenango de S,"32048"
"Santa Mar,"32058"
"Chalchihuites","32009"
"Jim,"32021"
"Valpara,"32049"
"Villa de Cos","32051"
"General Francisco R. Murgu,"32014"
"Guadalupe","32017"
"Juan Aldama","32022"
"Vetagrande","32050"
"Zacatecas","32056"
"Miguel Auza","32029"
"Tlahualilo","10036"
"La Trinitaria","7099"
"Tuxtla Chico","7102"
"Metapa","7055"
"Maravilla Tenejapa","7115"
"Ocosingo","7059"
"Tapachula","7089"
"Tuxtla Guti,"7101"
"Chiapa de Corzo","7027"
"Berrioz,"7012"
"La Independencia","7041"
"Acapetahua","7003"
"Escuintla","7032"
"La Libertad","7050"
"Tonal,"7097"
"Tecpat,"7092"
"Tapalapa","7090"
"Sunuapa","7088"
"San Fernando","7079"
"Reforma","7074"
"Ostuac,"7062"
"Ocozocoautla de Espinosa","7061"
"Ocotepec","7060"
"Ju,"7048"
"Ixtacomit,"7043"
"Francisco Le,"7033"
"Chapultenango","7025"
"Copainal,"7021"
"Arriaga","7009"
"Ixhuat,"7042"
"Huixtla","7040"
"Huitiup,"7039"
"Huixt,"7038"
"Huehuet,"7037"
"Frontera Hidalgo","7035"
"Frontera Comalapa","7034"
"Chil,"7031"
"Chicomuselo","7030"
"Chicoas,"7029"
"Chiapilla","7028"
"Chenalh,"7026"
"Chanal","7024"
"Chamula","7023"
"Chalchihuit,"7022"
"La Concordia","7020"
"Comit,"7019"
"Coapilla","7018"
"Catazaj,"7016"
"Cacahoat,"7015"
"El Bosque","7014"
"Bochil","7013"
"Bejucal de Ocampo","7010"
"Angel Albino Corzo","7008"
"Amatenango del Valle","7007"
"Amatenango de la Frontera","7006"
"Amat,"7005"
"Altamirano","7004"
"Acala","7002"
"Acacoyagua","7001"
"Santiago el Pinar","7119"
"San Andr,"7118"
"Montecristo de Guerrero","7117"
"Marqu,"7116"
"Benem,"7114"
"Aldama","7113"
"San Juan Cancuc","7112"
"Zinacant,"7111"
"San Lucas","7110"
"Yajal,"7109"
"Villaflores","7108"
"Villa Corzo","7107"
"Venustiano Carranza","7106"
"Uni,"7105"
"Tzimol","7104"
"Tuzant,"7103"
"Tumbal,"7100"
"Totolapa","7098"
"Teopisca","7094"
"Tenejapa","7093"
"Tapilula","7091"
"Suchiate","7087"
"Suchiapa","7086"
"Solosuchiapa","7084"
"Socoltenango","7083"
"Sital,"7082"
"Simojovel","7081"
"Siltepec","7080"
"Salto de Agua","7077"
"Sabanilla","7076"
"Las Rosas","7075"
"Ray,"7073"
"Pueblo Nuevo Solistahuac,"7072"
"Villa Comaltitl,"7071"
"El Porvenir","7070"
"Pijijiapan","7069"
"Pichucalco","7068"
"Pantepec","7067"
"Pantelh,"7066"
"Palenque","7065"
"Oxchuc","7064"
"Osumacinta","7063"
"Nicol,"7058"
"Motozintla","7057"
"Mitontic","7056"
"Mazat,"7054"
"Mazapa de Madero","7053"
"Las Margaritas","7052"
"Mapastepec","7051"
"Larr,"7049"
"Jitotol","7047"
"Ixtapangajoya","7045"
"Ixtapa","7044"
"Tila","7096"
"Soyal,"7085"
"Jiquipilas","7046"
"Cintalapa","7017"
"La Grandeza","7036"
"Bella Vista","7011"
"San Crist,"7078"
"Centro","27004"
"Nacajuca","27013"
"Huimanguillo","27008"
"Emiliano Zapata","27007"
"Jonuta","27011"
"Para,"27014"
"C,"27002"
"Cunduac,"27006"
"Jalpa de M,"27010"
"Comalcalco","27005"
"Tenosique","27017"
"Teapa","27016"
"Jalapa","27009"
"Centla","27003"
"Balanc,"27001"
"Tacotalpa","27015"
"Macuspana","27012"
"Santiago Astata","20453"
"Santa Mar,"20413"
"Villa de Tututepec de Melchor Ocampo","20334"
"San Andr,"20102"
"Santa Mar,"20427"
"El Barrio de la Soledad","20010"
"San Pedro Comitancillo","20305"
"Asunci,"20005"
"Chahuites","20025"
"Reforma de Pineda","20075"
"San Francisco del Mar","20141"
"San Francisco Ixhuat,"20143"
"Heroica Ciudad de Juchit,"20043"
"Uni,"20557"
"Pluma Hidalgo","20071"
"Candelaria Loxicha","20012"
"Santa Mar,"20401"
"San Pedro Mixtepec -Dto. 22 -","20318"
"Mat,"20057"
"San Antonino Castillo Velasco","20103"
"Santa Ana Zegache","20360"
"Santiago Ap,"20452"
"San Agust,"20087"
"San Jos,"20072"
"San Pedro Ap,"20301"
"Ocotl,"20068"
"San Dionisio Ocotl,"20132"
"San Juan Chilateca","20192"
"San Mart,"20243"
"San Pedro M,"20315"
"Santo Tom,"20530"
"Asunci,"20007"
"Teotitl,"20546"
"San Jer,"20550"
"San Francisco Lachigol,"20145"
"Oaxaca de Ju,"20067"
"San Andr,"20091"
"Tlalixtac de Cabrera","20553"
"Santiago Suchilquitongo","20483"
"Reyes Etla","20077"
"Magdalena Apasco","20045"
"San Juan del Estado","20193"
"Villa de Etla","20338"
"San Pablo Huitzo","20294"
"Villa Sola de Vega","20277"
"San Ildefonso Sola","20155"
"Santiago Tenango","20487"
"Santiago Tlazoyaltepec","20494"
"Santo Domingo Nuxa,"20511"
"Santo Tom,"20531"
"San Vicente Lachix,"20535"
"Santa In,"20569"
"Magdalena Mixtepec","20048"
"Nazareno Etla","20063"
"San Andr,"20092"
"San Andr,"20094"
"Magdalena Ocotl,"20049"
"Magdalena Teitipac","20051"
"La Pe","20069"
"Rojas de Cuauht,"20078"
"San Agust,"20083"
"San Agust,"20084"
"San Baltazar Chichic,"20112"
"San Bartolom,"20118"
"San Jacinto Amilpas","20157"
"San Jer,"20162"
","20174"
"San Juan Bautista Guelache","20178"
"San Juan Chicomez,"20191"
"San Juan Guelav,"20197"
"San Juan Teitipac","20219"
"San Lorenzo Cacaotepec","20227"
"San Lucas Quiavin,"20233"
"San Mart,"20238"
"Capul,"20247"
"San Miguel Amatl,"20262"
"San Miguel del R,"20267"
"San Miguel Tilqui,"20284"
"San Pablo Etla","20293"
"San Pablo Huixtepec","20295"
"San Pedro Ixtlahuaca","20310"
"San Pedro Taviche","20328"
"San Raymundo Jalpan","20342"
"San Sebasti,"20343"
"San Sebasti,"20349"
"San Antonio de la Cal","20107"
"Santa Ana del Valle","20356"
"Santa Ana Tlapacoyan","20358"
"Santa Catarina Ixtepeji","20363"
"Santa Catarina Lachatao","20365"
"Santa Catarina Minas","20368"
"Santa Catarina Quian,"20369"
"Santa Cruz Amilpas","20375"
"Santa Cruz Mixtepec","20378"
"Santa Cruz Papalutla","20380"
"Santa Cruz Xoxocotl,"20385"
"Santa Gertrudis","20387"
"Santa In,"20388"
"Santa In,"20389"
"Santa Luc,"20393"
"Santa Mar,"20399"
"Santa Mar,"20403"
"Santa Mar,"20411"
"Santa Mar,"20419"
"Santa Mar,"20443"
"Santa Mar,"20449"
"Santiago Matatl,"20475"
"Santiago Xiacu,"20496"
"Nuevo Zoqui,"20504"
"Santo Domingo Tomaltepec","20519"
"Soledad Etla","20539"
"Teococuilco de Marcos P,"20544"
"Trinidad Zaachila","20555"
"Villa D,"20560"
"Yaxe","20561"
"Villa de Zaachila","20565"
"Santa Mar,"20420"
"Santa Mar,"20426"
"San Antonino el Alto","20104"
"San Antonio Huitepec","20108"
"San Juan Tamazola","20217"
"San Mart,"20241"
"San Miguel Mixtepec","20271"
"San Miguel Peras","20273"
"Ci,"20013"
"La Compa,"20017"
"Cuil,"20023"
"Guadalupe Etla","20033"
"Guelatao de Ju,"20035"
"San Bernardo Mixtepec","20123"
"San Felipe Tejal,"20135"
"San Francisco Telixtlahuaca","20150"
"San Jer,"20161"
"Ayoquezco de Aldama","20398"
"Heroica Ciudad de Ejutla de Crespo","20028"
"Santa Mar,"20409"
"Miahuatl,"20059"
"San Ildefonso Amatl,"20154"
"San Jos,"20167"
"San Juan Mixtepec -Dto. 26 -","20209"
"San Mateo R,"20254"
"San Pedro Mixtepec -Dto. 26 -","20319"
"San Sebasti,"20347"
"San Pedro Juchatengo","20314"
"San Francisco Sola","20149"
"San Andr,"20096"
"San Juan Sayultepec","20215"
"Magdalena Yodocono de Porfirio D,"20562"
"San Francisco Nuxa,"20147"
"San Lorenzo Victoria","20230"
"San Jorge Nuchita","20164"
"Tepelmeme Villa de Morelos","20548"
"Concepci,"20018"
"Cosolapa","20021"
"San Pedro Tapanatepec","20327"
"San Juan Ozolotepec","20211"
"Santiago Llano Grande","20474"
"Santiago Miltepec","20476"
"Santiago Minas","20477"
"Santiago Nacaltepec","20478"
"Santiago Nejapilla","20479"
"Santiago Nundiche","20480"
"Santiago Nuyo,"20481"
"Santiago Pinotepa Nacional","20482"
"Santiago Tamazola","20484"
"Santiago Tapextla","20485"
"Villa Tej,"20486"
"Santiago Tepetlapa","20488"
"Santiago Tetepec","20489"
"Santiago Texcalcingo","20490"
"Santiago Textitl,"20491"
"Santiago Tilantongo","20492"
"Santiago Tillo","20493"
"Santiago Yaitepec","20497"
"Santiago Yolom,"20499"
"Santiago Yosond,"20500"
"Santiago Yucuyachi","20501"
"Santo Domingo Armenta","20507"
"Santo Domingo Ixcatl,"20510"
"Santo Domingo Teojomulco","20516"
"Santo Domingo Tonal,"20520"
"Santo Domingo Tonaltepec","20521"
"Santo Domingo Yanhuitl,"20523"
"Santo Domingo Yodohino","20524"
"Santos Reyes Nopala","20526"
"Santos Reyes P,"20527"
"Santos Reyes Tepejillo","20528"
"Santos Reyes Yucun,"20529"
"Santo Tom,"20532"
"San Vicente Nu,"20536"
"Villa de Tamazul,"20540"
"Tataltepec de Vald,"20543"
"Teotitl,"20545"
"Teotongo","20547"
"Tezoatl,"20549"
"Tlacotepec Plumas","20552"
"La Trinidad Vista Hermosa","20556"
"Valerio Trujano","20558"
"Yutanduchi de Guerrero","20564"
"San Mateo Yucutind,"20566"
"Zapotitl,"20567"
"Zapotitl,"20568"
"Asunci,"20004"
"Calihual,"20011"
"Coicoy,"20016"
"Cosoltepec","20022"
"Cuyamecalco Villa de Zaragoza","20024"
"Chalcatongo de Hidalgo","20026"
"Eloxochitl,"20029"
"Fresnillo de Trujano","20032"
"Guadalupe de Ram,"20034"
"Mesones Hidalgo","20037"
"Magdalena Jaltepec","20046"
"Santa Magdalena Jicotl,"20047"
"Magdalena Pe,"20050"
"Magdalena Zahuatl,"20054"
"Mariscala de Ju,"20055"
"M,"20056"
"Mazatl,"20058"
"Ixpantepec Nieves","20065"
"Pinotepa de Don Luis","20070"
"La Reforma","20076"
"San Agust,"20081"
"San Agust,"20082"
"San Agust,"20086"
"San Andr,"20088"
"San Andr,"20089"
"San Andr,"20090"
"San Andr,"20093"
"San Andr,"20099"
"San Andr,"20101"
"Magdalena Tequisistl,"20052"
"Magdalena Tlacotepec","20053"
"Mixistl,"20060"
"Monjas","20061"
"Natividad","20062"
"Santiago Niltepec","20066"
"Santa Catarina Quioquitani","20074"
"Salina Cruz","20079"
"San Agust,"20080"
"San Agust,"20085"
"San Andr,"20095"
"San Andr,"20097"
"San Andr,"20098"
"San Andr,"20100"
"San Baltazar Loxicha","20113"
"San Baltazar Yatzachi el Bajo","20114"
"San Bartolom,"20116"
"San Bartolom,"20117"
"San Bartolom,"20120"
"San Bartolo Yautepec","20122"
"San Carlos Yautepec","20125"
"San Crist,"20126"
"San Dionisio del Mar","20130"
"San Dionisio Ocotepec","20131"
"San Felipe Jalapa de D,"20134"
"San Felipe Usila","20136"
"San Francisco Logueche","20146"
"San Jer,"20159"
"San Jos,"20166"
"San Jos,"20169"
"San Jos,"20170"
"San Jos,"20171"
"San Juan Atepec","20173"
"San Juan Bautista Atatlahuca","20175"
"San Juan Bautista Jayacatl,"20179"
"San Juan Bautista Tlacoatzintepec","20182"
"San Juan Bautista Tuxtepec","20184"
"San Juan Coatz,"20187"
"San Juan Comaltepec","20189"
"San Juan Cotzoc,"20190"
"San Juan del R,"20194"
"San Juan Evangelista Analco","20196"
"San Juan Juquila Mixes","20200"
"San Juan Juquila Vijanos","20201"
"San Juan Lachigalla","20203"
"San Juan Lajarcia","20204"
"San Juan Mazatl,"20207"
"San Juan Petlapa","20212"
"San Juan Quiotepec","20214"
"San Juan Taba,"20216"
"San Juan Tepeuxila","20220"
"San Juan Yae,"20222"
"San Juan Yatzona","20223"
"San Lorenzo Albarradas","20226"
"San Lucas Camotl,"20231"
"San Lucas Ojitl,"20232"
"San Luis Amatl,"20235"
"San Marcial Ozolotepec","20236"
"San Mateo Cajonos","20246"
"San Mateo del Mar","20248"
"San Mateo Pi,"20253"
"San Melchor Betaza","20257"
"San Miguel Alo,"20260"
"San Miguel Coatl,"20263"
"San Miguel Chimalapa","20265"
"San Miguel del Puerto","20266"
"San Miguel Ejutla","20268"
"San Miguel Quetzaltepec","20275"
"San Miguel Santa Flor","20276"
"San Miguel Soyaltepec","20278"
"San Miguel Suchixtepec","20279"
"Villa Talea de Castro","20280"
"San Miguel Tenango","20282"
"San Miguel Yotao","20288"
"San Nicol,"20289"
"San Pablo Coatl,"20291"
"San Pablo Macuiltianguis","20296"
"San Pablo Villa de Mitla","20298"
"San Pablo Yaganiza","20299"
"San Pedro el Alto","20306"
"San Pedro Huamelula","20307"
"San Pedro Huilotepec","20308"
"San Pedro Ixcatl,"20309"
"San Pedro M,"20316"
"San Pedro Ocotepec","20323"
"San Pedro Pochutla","20324"
"San Pedro Quiatoni","20325"
"San Pedro Sochi,"20326"
"San Pedro Teutila","20330"
"San Pedro Totol,"20333"
"San Pedro Yaneri","20335"
"San Pedro Y,"20336"
"San Sebasti,"20344"
"San Sim,"20351"
"San Blas Atempa","20124"
"San Francisco Chapulapa","20139"
"Santa Ana","20353"
"Santa Ana Cuauht,"20355"
"Santa Ana Tavela","20357"
"Santa Ana Yareni","20359"
"Santa Catalina Quier,"20361"
"Santa Catarina Cuixtla","20362"
"Santa Catarina Loxicha","20366"
"Santa Cruz Xitla","20384"
"Santa Luc,"20391"
"Santa Mar,"20394"
"Santa Mar,"20406"
"Santa Mar,"20407"
"Santa Mar,"20410"
"Santa Mar,"20412"
"Santa Mar,"20417"
"Santa Mar,"20418"
"Santa Mar,"20421"
"Santa Mar,"20424"
"Santa Mar,"20425"
"Santa Mar,"20428"
"Santa Mar,"20432"
"Santa Mar,"20435"
"Santa Mar,"20437"
"Santa Mar,"20438"
"Santa Mar,"20439"
"Santa Mar,"20440"
"Santa Mar,"20441"
"Santa Mar,"20442"
"Santiago Atitl,"20454"
"Santiago Camotl,"20457"
"Santiago Comaltepec","20458"
"Santiago Ixcuintepec","20465"
"Santiago Jocotepec","20468"
"Santiago Lalopa","20471"
"Santiago Laollaga","20472"
"Santiago Laxopa","20473"
"Santiago Xanica","20495"
"Santiago Yaveo","20498"
"Santiago Zacatepec","20502"
"Santiago Zoochila","20503"
"Santo Domingo Ingenio","20505"
"Santo Domingo Albarradas","20506"
"Santo Domingo Chihuit,"20508"
"Santo Domingo de Morelos","20509"
"Santo Domingo Ozolotepec","20512"
"Santo Domingo Petapa","20513"
"Santo Domingo Roayaga","20514"
"Santo Domingo Tepuxtepec","20517"
"Santo Domingo Xagac,"20522"
"Santo Domingo Zanatepec","20525"
"Santo Tom,"20533"
"San Vicente Coatl,"20534"
"Sitio de Xitlapehua","20538"
"Tanetze de Zaragoza","20541"
"Totontepec Villa de Morelos","20554"
"San Juan Bautista Valle Nacional","20559"
"Yogana","20563"
"Santa Catarina Yosonot,"20372"
"Santa Catarina Zapoquila","20373"
"Santa Cruz Acatepec","20374"
"Santa Cruz de Bravo","20376"
"Santa Cruz Itundujia","20377"
"Santa Cruz Nundaco","20379"
"Santa Cruz Tacache de Mina","20381"
"Santa Cruz Tacahua","20382"
"Santa Cruz Tayata","20383"
"Santa Cruz Zenzontepec","20386"
"Santa Luc,"20392"
"Santa Mar,"20395"
"Santa Mar,"20396"
"Heroica Ciudad de Tlaxiaco","20397"
"Santa Mar,"20400"
"Santa Mar,"20402"
"Santa Mar,"20404"
"Villa de Chilapa de D,"20405"
"Santa Mar,"20408"
"Santa Mar,"20414"
"Santa Mar,"20415"
"Santa Mar,"20416"
"Santa Mar,"20422"
"Santa Mar,"20423"
"Santa Mar,"20429"
"Santa Mar,"20430"
"Santa Mar,"20431"
"Santa Mar,"20433"
"Santa Mar,"20434"
"Santa Mar,"20436"
"Santa Mar,"20444"
"Santa Mar,"20445"
"Santa Mar,"20446"
"Santa Mar,"20447"
"Santa Mar,"20448"
"Santiago Amoltepec","20450"
"Santiago Apoala","20451"
"Santiago Cacaloxtepec","20456"
"Santiago Chazumba","20459"
"Santiago del R,"20461"
"Santiago Huajolotitl,"20462"
"Santiago Huauclilla","20463"
"Santiago Ihuitl,"20464"
"Santiago Ixtayutla","20466"
"Santiago Jamiltepec","20467"
"Santiago Juxtlahuaca","20469"
"San Marcos Arteaga","20237"
"San Antonino Monte Verde","20105"
"San Antonio Acutla","20106"
"San Antonio Nanahuat,"20109"
"San Antonio Sinicahua","20110"
"San Juan Mixtepec -Dto. 08 -","20208"
"San Juan ,"20210"
"San Juan Quiahije","20213"
"San Juan Teita","20218"
"San Juan Teposcolula","20221"
"San Juan Yucuita","20224"
"San Lorenzo","20225"
"San Lorenzo Cuaunecuiltitla","20228"
"San Lorenzo Texmel,"20229"
"San Lucas Zoqui,"20234"
"San Mart,"20239"
"San Mart,"20240"
"San Mart,"20242"
"San Mart,"20244"
"San Mart,"20245"
"San Mateo Yoloxochitl,"20249"
"San Mateo Etlatongo","20250"
"San Mateo Nej,"20251"
"San Mateo Pe,"20252"
"San Mateo Sindihui","20255"
"San Mateo Tlapiltepec","20256"
"San Miguel Achiutla","20258"
"San Miguel Ahuehuetitl,"20259"
"San Miguel Amatitl,"20261"
"San Miguel Chicahua","20264"
"San Miguel el Grande","20269"
"San Miguel Huautla","20270"
"San Miguel Panixtlahuaca","20272"
"San Miguel Piedras","20274"
"San Miguel Tecomatl,"20281"
"San Miguel Tequixtepec","20283"
"San Miguel Tlacamama","20285"
"San Miguel Tlacotepec","20286"
"San Miguel Tulancingo","20287"
"San Nicol,"20290"
"San Pablo Tijaltepec","20297"
"San Pedro Amuzgos","20300"
"San Pedro Atoyac","20302"
"San Pedro Coxcaltepec C,"20304"
"San Pedro Jaltepetongo","20311"
"San Pedro Jicay,"20312"
"San Pedro Jocotipac","20313"
"San Pedro M,"20317"
"San Pedro Molinos","20320"
"San Pedro Nopala","20321"
"San Pedro Ocopetatillo","20322"
"San Pedro Teozacoalco","20329"
"San Pedro Tida,"20331"
"San Pedro Topiltepec","20332"
"San Pedro y San Pablo Teposcolula","20339"
"San Pedro y San Pablo Tequixtepec","20340"
"San Pedro Yucunama","20341"
"San Sebasti,"20345"
"San Sebasti,"20346"
"San Sebasti,"20348"
"San Sim,"20352"
"Santa Ana Ateixtlahuaca","20354"
"Santa Catarina Juquila","20364"
"Santa Catarina Mechoac,"20367"
"Santa Catarina Tayata","20370"
"Santa Catarina Ticu,"20371"
"Abejones","20001"
"Acatl,"20002"
"Asunci,"20003"
"Asunci,"20008"
"Ayotzintepec","20009"
"Ciudad Ixtepec","20014"
"Coatecas Altas","20015"
"Concepci,"20019"
"Chiquihuitl,"20027"
"El Espinal","20030"
"Villa Hidalgo","20038"
"Huautepec","20040"
"Huautla de Jim,"20041"
"San Antonio Tepetlapa","20111"
"San Bartolom,"20119"
"San Bartolo Soyaltepec","20121"
"San Crist,"20127"
"San Crist,"20129"
"San Esteban Atatlahuca","20133"
"San Francisco Cahuacu,"20137"
"San Francisco Huehuetl,"20142"
"San Francisco Jaltepetongo","20144"
"San Francisco Teopan","20151"
"San Francisco Tlapancingo","20152"
"San Gabriel Mixtepec","20153"
"San Jacinto Tlacotepec","20158"
"San Jer,"20160"
"San Jer,"20163"
"San Jos,"20168"
"San Juan Achiutla","20172"
"San Juan Bautista Coixtlahuaca","20176"
"San Juan Bautista Cuicatl,"20177"
"San Juan Bautista Lo de Soto","20180"
"San Juan Bautista Suchitepec","20181"
"San Juan Cacahuatepec","20185"
"San Juan Cieneguilla","20186"
"San Juan Colorado","20188"
"San Juan Diuxi","20195"
"San Juan Ihualtepec","20199"
"San Juan Lachao","20202"
"San Juan de los Cu,"20206"
"Tamazul,"20031"
"San Pedro y San Pablo Ayutla","20337"
"San Francisco Ozolotepec","20148"
"San Pedro Cajonos","20303"
"San Francisco Cajonos","20138"
"San Jos,"20165"
"Santiago Ayuquililla","20455"
"Santo Domingo Tlatay,"20518"
"San Francisco Chind,"20140"
"San Ildefonso Villa Alta","20156"
"San Crist,"20128"
"Taniche","20542"
"Santiago Lachiguiri","20470"
"San Juan Lalana","20205"
"Ixtl,"20042"
"San Juan Bautista Tlachichilco","20183"
"San Pablo Cuatro Venados","20292"
"Putla Villa de Guerrero","20073"
"Heroica Ciudad de Huajuapan de Le,"20039"
"Constancia del Rosario","20020"
"Asunci,"20006"
"Silacayo,"20537"
"Santa Luc,"20390"
"San Sebasti,"20350"
"Santo Domingo Tehuantepec","20515"
"Zimatl,"20570"
"Tlacolula de Matamoros","20551"
"Santiago Cho,"20460"
"San Juan Guichicovi","20198"
"San Bartolo Coyotepec","20115"
"Nejapa de Madero","20064"
"Loma Bonita","20044"
"Guevea de Humboldt","20036"
"Arroyo Seco","22003"
"Jalpan de Serra","22009"
"Landa de Matamoros","22010"
"Pinal de Amoles","22002"
"Cadereyta de Montes","22004"
"San Joaqu,"22015"
"Pe,"22013"
"Tolim,"22018"
"Col,"22005"
"Ezequiel Montes","22007"
"El Marqu,"22011"
"Quer,"22014"
"Tequisquiapan","22017"
"San Juan del R,"22016"
"Huimilpan","22008"
"Pedro Escobedo","22012"
"Corregidora","22006"
"Amealco de Bonfil","22001"
"El Naranjo","24058"
"Matlapa","24057"
"Villa de Arista","24056"
"Zaragoza","24055"
"Xilitla","24054"
"Axtla de Terrazas","24053"
"Villa Ju,"24052"
"Villa Hidalgo","24051"
"Villa de Reyes","24050"
"Villa de Ramos","24049"
"Villa de la Paz","24048"
"Villa de Guadalupe","24047"
"Villa de Arriaga","24046"
"Venado","24045"
"Vanegas","24044"
"Tierra Nueva","24043"
"Tanqui,"24042"
"Tanlaj,"24041"
"Tamu,"24040"
"Tampamol,"24039"
"Tampac,"24038"
"Tamazunchale","24037"
"Tamasopo","24036"
"Soledad de Graciano S,"24035"
"San Vicente Tancuayalab","24034"
"Santo Domingo","24033"
"Santa Mar,"24032"
"Santa Catarina","24031"
"San Nicol,"24030"
"San Mart,"24029"
"San Luis Potos,"24028"
"San Ciro de Acosta","24027"
"San Antonio","24026"
"Salinas","24025"
"Rioverde","24024"
"Ray,"24023"
"Moctezuma","24022"
"Mexquitic de Carmona","24021"
"Matehuala","24020"
"Lagunillas","24019"
"Huehuetl,"24018"
"Guadalc,"24017"
"Ebano","24016"
"Charcas","24015"
"Coxcatl,"24014"
"Ciudad Valles","24013"
"Tancanhuitz","24012"
"Ciudad Fern,"24011"
"Ciudad del Ma,"24010"
"Cerro de San Pedro","24009"
"Cerritos","24008"
"Cedral","24007"
"Catorce","24006"
"C,"24005"
"Armadillo de los Infante","24004"
"Aquism,"24003"
"Alaquines","24002"
"Ahualulco","24001"
"Comonfort","11009"
"Celaya","11007"
"Pur,"11025"
"San Felipe","11030"
"Xich,"11045"
"Doctor Mora","11013"
"Santa Catarina","11034"
"Tierra Blanca","11040"
"Uriangato","11041"
"Victoria","11043"
"Atarjea","11006"
"Salvatierra","11028"
"San Jos,"11032"
"Pueblo Nuevo","11024"
"Santiago Maravat,"11036"
"Apaseo el Alto","11004"
"Apaseo el Grande","11005"
"Yuriria","11046"
"Jer,"11019"
"Tarimoro","11039"
"Coroneo","11010"
"Tarandacuao","11038"
"Cortazar","11011"
"Ac,"11002"
"San Miguel de Allende","11003"
"San Francisco del Rinc,"11031"
"Manuel Doblado","11008"
"Cuer,"11012"
"Valle de Santiago","11042"
"San Luis de la Paz","11033"
"P,"11023"
"Silao","11037"
"Abasolo","11001"
"Huan,"11016"
"San Diego de la Uni,"11029"
"Villagr,"11044"
"Santa Cruz de Juventino Rosas","11035"
"Salamanca","11027"
"Irapuato","11017"
"Romita","11026"
"Guanajuato","11015"
"Le,"11020"
"Jaral del Progreso","11018"
"Ocampo","11022"
"Morole,"11021"
"Dolores Hidalgo Cuna de la Independencia Nacional","11014"
"Jes,"1005"
"San Francisco de los Romo","1011"
"Aguascalientes","1001"
"San Jos,"1008"
"Rinc,"1007"
"Tepezal,"1009"
"Cos,"1004"
"Asientos","1002"
"Calvillo","1003"
"El Llano","1010"
"Pabell,"1006"
"Acajete","30001"
"Acatl,"30002"
"Acayucan","30003"
"Actopan","30004"
"Acula","30005"
"Acultzingo","30006"
"Camar,"30007"
"Alpatl,"30008"
"Alto Lucero de Guti,"30009"
"Altotonga","30010"
"Alvarado","30011"
"Amatitl,"30012"
"Naranjos Amatl,"30013"
"Amatl,"30014"
"Angel R. Cabada","30015"
"La Antigua","30016"
"Apazapan","30017"
"Aquila","30018"
"Astacinga","30019"
"Atlahuilco","30020"
"Atoyac","30021"
"Atzacan","30022"
"Atzalan","30023"
"Tlaltetela","30024"
"Banderilla","30026"
"Benito Ju,"30027"
"Boca del R,"30028"
"Calcahualco","30029"
"Camerino Z. Mendoza","30030"
"Carrillo Puerto","30031"
"Catemaco","30032"
"Cazones de Herrera","30033"
"Cerro Azul","30034"
"Citlalt,"30035"
"Coacoatzintla","30036"
"Coahuitl,"30037"
"Coatepec","30038"
"Coatzacoalcos","30039"
"Coatzintla","30040"
"Coetzala","30041"
"Colipa","30042"
"Comapa","30043"
"C,"30044"
"Cosamaloapan de Carpio","30045"
"Cosautl,"30046"
"Coscomatepec","30047"
"Cosoleacaque","30048"
"Cotaxtla","30049"
"Coxquihui","30050"
"Coyutla","30051"
"Cuichapa","30052"
"Cuitl,"30053"
"Chacaltianguis","30054"
"Chiconquiaco","30057"
"Chicontepec","30058"
"Chinameca","30059"
"Chinampa de Gorostiza","30060"
"Las Choapas","30061"
"Chocam,"30062"
"Chontla","30063"
"Chumatl,"30064"
"Emiliano Zapata","30065"
"Espinal","30066"
"Filomeno Mata","30067"
"Fort,"30068"
"Guti,"30069"
"Hidalgotitl,"30070"
"Huatusco","30071"
"Huayacocotla","30072"
"Hueyapan de Ocampo","30073"
"Huiloapan de Cuauht,"30074"
"Ignacio de la Llave","30075"
"Ilamatl,"30076"
"Isla","30077"
"Ixcatepec","30078"
"Ixhuac,"30079"
"Ixhuatl,"30080"
"Ixhuatlancillo","30081"
"Ixhuatl,"30082"
"Ixhuatl,"30083"
"Ixmatlahuacan","30084"
"Ixtaczoquitl,"30085"
"Jalacingo","30086"
"Xalapa","30087"
"Jalcomulco","30088"
"J,"30089"
"Jamapa","30090"
"Jes,"30091"
"Xico","30092"
"Jilotepec","30093"
"Juan Rodr,"30094"
"Juchique de Ferrer","30095"
"Landero y Coss","30096"
"Lerdo de Tejada","30097"
"Magdalena","30098"
"Maltrata","30099"
"Manlio Fabio Altamirano","30100"
"Mariano Escobedo","30101"
"Mart,"30102"
"Mecatl,"30103"
"Medell,"30105"
"Miahuatl,"30106"
"Las Minas","30107"
"Minatitl,"30108"
"Misantla","30109"
"Mixtla de Altamirano","30110"
"Moloac,"30111"
"Naolinco","30112"
"Naranjal","30113"
"Nautla","30114"
"Nogales","30115"
"Oluta","30116"
"Omealca","30117"
"Orizaba","30118"
"Otatitl,"30119"
"Oteapan","30120"
"Ozuluama de Mascare,"30121"
"Pajapan","30122"
"P,"30123"
"Papantla","30124"
"Paso del Macho","30125"
"Paso de Ovejas","30126"
"La Perla","30127"
"Perote","30128"
"Plat,"30129"
"Playa Vicente","30130"
"Poza Rica de Hidalgo","30131"
"Las Vigas de Ram,"30132"
"Pueblo Viejo","30133"
"Puente Nacional","30134"
"Rafael Delgado","30135"
"Rafael Lucio","30136"
"Los Reyes","30137"
"R,"30138"
"Saltabarranca","30139"
"San Andr,"30140"
"San Andr,"30141"
"San Juan Evangelista","30142"
"Santiago Tuxtla","30143"
"Sayula de Alem,"30144"
"Soconusco","30145"
"Sochiapa","30146"
"Soledad Atzompa","30147"
"Soledad de Doblado","30148"
"Soteapan","30149"
"Tampico Alto","30152"
"Tancoco","30153"
"Tantima","30154"
"Tantoyuca","30155"
"Tatatila","30156"
"Castillo de Teayo","30157"
"Tecolutla","30158"
"Tehuipango","30159"
","30160"
"Tempoal","30161"
"Tenampa","30162"
"Tenochtitl,"30163"
"Teocelo","30164"
"Tepatlaxco","30165"
"Tepetl,"30166"
"Tepetzintla","30167"
"Tequila","30168"
"Jos,"30169"
"Texcatepec","30170"
"Texhuac,"30171"
"Texistepec","30172"
"Tezonapa","30173"
"Tierra Blanca","30174"
"Tihuatl,"30175"
"Tlacojalpan","30176"
"Tlacolulan","30177"
"Tlacotalpan","30178"
"Tlacotepec de Mej,"30179"
"Tlachichilco","30180"
"Tlalixcoyan","30181"
"Tlalnelhuayocan","30182"
"Tlapacoyan","30183"
"Tlaquilpa","30184"
"Tlilapan","30185"
"Tomatl,"30186"
"Tonay,"30187"
"Totutla","30188"
"Tuxpan","30189"
"Tuxtilla","30190"
"Ursulo Galv,"30191"
"Vega de Alatorre","30192"
"Villa Aldama","30194"
"Xoxocotla","30195"
"Yanga","30196"
"Yecuatla","30197"
"Zacualpan","30198"
"Zaragoza","30199"
"Zentla","30200"
"Zongolica","30201"
"Zontecomatl,"30202"
"Zozocolco de Hidalgo","30203"
"Agua Dulce","30204"
"El Higo","30205"
"Nanchital de L,"30206"
"Tres Valles","30207"
"Carlos A. Carrillo","30208"
"Tatahuicapan de Ju,"30209"
"Uxpanapa","30210"
"San Rafael","30211"
"Santiago Sochiapan","30212"
"Sanct,"29020"
"Santa Isabel Xiloxoxtla","29060"
"Santa Cruz Quilehtla","29059"
"Santa Catarina Ayometla","29058"
"Santa Apolonia Teacalco","29057"
"Santa Ana Nopalucan","29056"
"San Lucas Tecopilco","29055"
"San Lorenzo Axocomanitla","29054"
"San Juan Huactzinco","29053"
"San Jos,"29052"
"San Jer,"29051"
"San Francisco Tetlanohcan","29050"
"San Dami,"29049"
"La Magdalena Tlaltelulco","29048"
"L,"29047"
"Emiliano Zapata","29046"
"Benito Ju,"29045"
"Zacatelco","29044"
"Yauhquemehcan","29043"
"Xicohtzinco","29042"
"Papalotla de Xicoht,"29041"
"Xaltocan","29040"
"Xaloztoc","29039"
"Tzompantepec","29038"
"Ziltlalt,"29037"
"Totolac","29036"
"Tocatl,"29035"
"Tlaxco","29034"
"Tlaxcala","29033"
"Tetlatlahuca","29032"
"Tetla de la Solidaridad","29031"
"Terrenate","29030"
"Tepeyanco","29029"
"Teolocholco","29028"
"Tenancingo","29027"
"Santa Cruz Tlaxcala","29026"
"San Pablo del Monte","29025"
"Panotla","29024"
"Nat,"29023"
"Acuamanala de Miguel Hidalgo","29022"
"Nanacamilpa de Mariano Arista","29021"
"Tepetitla de Lardiz,"29019"
"Contla de Juan Cuamatzi","29018"
"Mazatecochco de Jos,"29017"
"Ixtenco","29016"
"Ixtacuixtla de Mariano Matamoros","29015"
"Hueyotlipan","29014"
"Huamantla","29013"
"Espa,"29012"
"Mu,"29011"
"Chiautempan","29010"
"Cuaxomulco","29009"
"Cuapiaxtla","29008"
"El Carmen Tequexquitla","29007"
"Calpulalpan","29006"
"Apizaco","29005"
"Atltzayanca","29004"
"Atlangatepec","29003"
"Apetatitl,"29002"
"Caltepec","21027"
"Chiautla","21047"
"Huehuetla","21072"
"Huehuetl,"21073"
"Jonotla","21088"
"Tecomatl,"21155"
"Zoquiapan","21216"
"Rafael Lara Grajales","21117"
"Acajete","21001"
"Acateno","21002"
"Acatzingo","21004"
"Acteopan","21005"
"Ahuacatl,"21006"
"Ahuatl,"21007"
"Ahuazotepec","21008"
"Ahuehuetitla","21009"
"Ajalpan","21010"
"Albino Zertuche","21011"
"Aljojuca","21012"
"Altepexi","21013"
"Amixtl,"21014"
"Amozoc","21015"
"Aquixtla","21016"
"Atempan","21017"
"Atexcal","21018"
"Atlixco","21019"
"Atoyatempan","21020"
"Atzala","21021"
"Atzitzihuac,"21022"
"Atzitzintla","21023"
"Axutla","21024"
"Ayotoxco de Guerrero","21025"
"Calpan","21026"
"Camocuautla","21028"
"Caxhuacan","21029"
"Coatepec","21030"
"Coatzingo","21031"
"Cohetzala","21032"
"Cohuecan","21033"
"Coronango","21034"
"Coxcatl,"21035"
"Coyomeapan","21036"
"Coyotepec","21037"
"Cuapiaxtla de Madero","21038"
"Cuautempan","21039"
"Cuautinch,"21040"
"Cuautlancingo","21041"
"Cuayuca de Andrade","21042"
"Cuetzalan del Progreso","21043"
"Cuyoaco","21044"
"Chalchicomula de Sesma","21045"
"Chapulco","21046"
"Chiautzingo","21048"
"Chiconcuautla","21049"
"Chichiquila","21050"
"Chietla","21051"
"Chigmecatitl,"21052"
"Chignahuapan","21053"
"Chignautla","21054"
"Chila","21055"
"Chila de la Sal","21056"
"Honey","21057"
"Chilchotla","21058"
"Chinantla","21059"
"Domingo Arenas","21060"
"Eloxochitl,"21061"
"Epatl,"21062"
"Esperanza","21063"
"Francisco Z. Mena","21064"
"General Felipe ,"21065"
"Guadalupe","21066"
"Guadalupe Victoria","21067"
"Hermenegildo Galeana","21068"
"Huaquechula","21069"
"Huatlatlauca","21070"
"Huauchinango","21071"
"Huejotzingo","21074"
"Hueyapan","21075"
"Hueytamalco","21076"
"Hueytlalpan","21077"
"Huitzilan de Serd,"21078"
"Huitziltepec","21079"
"Atlequizayan","21080"
"Ixcamilpa de Guerrero","21081"
"Ixcaquixtla","21082"
"Ixtacamaxtitl,"21083"
"Ixtepec","21084"
"Iz,"21085"
"Jalpan","21086"
"Jolalpan","21087"
"Jopala","21089"
"Juan C. Bonilla","21090"
"Juan Galindo","21091"
"Juan N. M,"21092"
"Lafragua","21093"
"Libres","21094"
"La Magdalena Tlatlauquitepec","21095"
"Mazapiltepec de Ju,"21096"
"Mixtla","21097"
"Molcaxac","21098"
"Ca,"21099"
"Naupan","21100"
"Nauzontla","21101"
"Nealtican","21102"
"Nicol,"21103"
"Nopalucan","21104"
"Ocotepec","21105"
"Ocoyucan","21106"
"Olintla","21107"
"Oriental","21108"
"Pahuatl,"21109"
"Palmar de Bravo","21110"
"Pantepec","21111"
"Petlalcingo","21112"
"Piaxtla","21113"
"Puebla","21114"
"Quecholac","21115"
"Quimixtl,"21116"
"Los Reyes de Ju,"21118"
"San Andr,"21119"
"San Antonio Ca,"21120"
"San Diego la Mesa Tochimiltzingo","21121"
"San Felipe Teotlalcingo","21122"
"San Felipe Tepatl,"21123"
"San Gabriel Chilac","21124"
"San Gregorio Atzompa","21125"
"San Jer,"21126"
"San Jer,"21127"
"San Jos,"21128"
"San Jos,"21129"
"San Juan Atenco","21130"
"San Juan Atzompa","21131"
"San Mart,"21132"
"San Mart,"21133"
"San Mat,"21134"
"San Miguel Ixitl,"21135"
"San Miguel Xoxtla","21136"
"San Nicol,"21137"
"San Nicol,"21138"
"San Pablo Anicano","21139"
"San Pedro Cholula","21140"
"San Pedro Yeloixtlahuaca","21141"
"San Salvador el Seco","21142"
"San Salvador el Verde","21143"
"San Salvador Huixcolotla","21144"
"San Sebasti,"21145"
"Santa Catarina Tlaltempan","21146"
"Santa In,"21147"
"Santa Isabel Cholula","21148"
"Santiago Miahuatl,"21149"
"Huehuetl,"21150"
"Santo Tom,"21151"
"Soltepec","21152"
"Tecali de Herrera","21153"
"Tecamachalco","21154"
"Tehuac,"21156"
"Tehuitzingo","21157"
"Tenampulco","21158"
"Teopantl,"21159"
"Teotlalco","21160"
"Tepanco de L,"21161"
"Tepango de Rodr,"21162"
"Tepatlaxco de Hidalgo","21163"
"Tepeaca","21164"
"Tepemaxalco","21165"
"Tepeojuma","21166"
"Tepetzintla","21167"
"Tepexco","21168"
"Tepexi de Rodr,"21169"
"Tepeyahualco","21170"
"Tepeyahualco de Cuauht,"21171"
"Tetela de Ocampo","21172"
"Teteles de Avila Castillo","21173"
"Teziutl,"21174"
"Tianguismanalco","21175"
"Tilapa","21176"
"Tlacotepec de Benito Ju,"21177"
"Tlacuilotepec","21178"
"Tlachichuca","21179"
"Tlahuapan","21180"
"Tlaltenango","21181"
"Tlanepantla","21182"
"Tlaola","21183"
"Tlapacoya","21184"
"Tlapanal,"21185"
"Tlatlauquitepec","21186"
"Tlaxco","21187"
"Tochimilco","21188"
"Tochtepec","21189"
"Totoltepec de Guerrero","21190"
"Tulcingo","21191"
"Tuzamapan de Galeana","21192"
"Tzicatlacoyan","21193"
"Venustiano Carranza","21194"
"Vicente Guerrero","21195"
"Xayacatl,"21196"
"Xicotepec","21197"
"Xicotl,"21198"
"Xochiapulco","21200"
"Xochiltepec","21201"
"Xochitl,"21202"
"Xochitl,"21203"
"Yaon,"21204"
"Yehualtepec","21205"
"Zacapala","21206"
"Zacapoaxtla","21207"
"Zacatl,"21208"
"Zapotitl,"21209"
"Zapotitl,"21210"
"Zaragoza","21211"
"Zautla","21212"
"Zihuateutla","21213"
"Zinacatepec","21214"
"Zongozotla","21215"
"Zoquitl,"21217"
"Xiutetelco","21199"
"Metepec","13035"
"Almoloya","13007"
"Apan","13008"
"Acatl,"13001"
"Acaxochitl,"13002"
"Actopan","13003"
"Agua Blanca de Iturbide","13004"
"Alfajayucan","13006"
"Atlapexco","13011"
"Atotonilco el Grande","13012"
"Calnali","13014"
"Cardonal","13015"
"Cuautepec de Hinojosa","13016"
"Chapulhuac,"13018"
"Epazoyucan","13022"
"Huasca de Ocampo","13024"
"Huautla","13025"
"Huazalingo","13026"
"Huehuetla","13027"
"Huejutla de Reyes","13028"
"Ixmiquilpan","13030"
"Jacala de Ledezma","13031"
"Jaltoc,"13032"
"Ju,"13033"
"Lolotla","13034"
"San Agust,"13036"
"Mineral del Chico","13038"
"Mineral del Monte","13039"
"La Misi,"13040"
"Molango de Escamilla","13042"
"Nicol,"13043"
"Omitl,"13045"
"San Felipe Orizatl,"13046"
"Pacula","13047"
"Pisaflores","13049"
"Mineral de la Reforma","13051"
"San Bartolo Tutotepec","13053"
"Santiago de Anaya","13055"
"Santiago Tulantepec de Lugo Guerrero","13056"
"Singuilucan","13057"
"Tasquillo","13058"
"Tenango de Doria","13060"
"Tepehuac,"13062"
"Tianguistengo","13068"
"Tlahuiltepa","13071"
"Tlanchinol","13073"
"Tulancingo de Bravo","13077"
"Xochiatipan","13078"
"Xochicoatl,"13079"
"Yahualica","13080"
"Zacualtip,"13081"
"Zimap,"13084"
"Tlanalapa","13072"
"Emiliano Zapata","13021"
"Tecozautla","13059"
"Eloxochitl,"13020"
"Metztitl,"13037"
"Huichapan","13029"
"Tepeapulco","13061"
"Zempoala","13083"
"Tizayuca","13069"
"Tolcayuca","13075"
"San Agust,"13052"
"Villa de Tezontepec","13066"
"Mixquiahuala de Ju,"13041"
"Tezontepec de Aldama","13067"
"Tlahuelilpan","13070"
"Tlaxcoapan","13074"
"Nopala de Villagr,"13044"
"Chapantongo","13017"
"Tepeji del R,"13063"
"Tula de Allende","13076"
"Atitalaquia","13010"
"Atotonilco de Tula","13013"
"Tepetitl,"13064"
"El Arenal","13009"
"Chilcuautla","13019"
"Francisco I. Madero","13023"
"Pachuca de Soto","13048"
"Progreso de Obreg,"13050"
"San Salvador","13054"
"Zapotl,"13082"
"Tetepango","13065"
"Ajacuba","13005"
"Amaxac de Guerrero","29001"
"Ayahualulco","30025"
"Chalma","30055"
"Chiconamel","30056"
"Mecayapan","30104"
"Tamal,"30150"
"Tamiahua","30151"
"Veracruz","30193"
"Acatl,"21003"
"Guadalupe","19026"
"Ju,"19031"
"Pesquer,"19041"
"Santiago","19049"
"Garc,"19018"
"Santa Catarina","19048"
"Monterrey","19039"
"San Pedro Garza Garc,"19019"
"Carmen","19010"
"Gral. Escobedo","19021"
"Salinas Victoria","19045"
"Gral. Zuazua","19025"
"Apodaca","19006"
"Ci,"19012"
"Hidalgo","19047"
"Abasolo","19001"
"China","19013"
"Gral. Bravo","19020"
"Los Aldamas","19003"
"Dr. Coss","19015"
"Villaldama","19051"
"Sabinas Hidalgo","19044"
"San Nicol,"19046"
"Bustamante","19008"
"Linares","19033"
"Vallecillo","19050"
"Rayones","19043"
"Los Ramones","19042"
"Par,"19040"
"Montemorelos","19038"
"Mina","19037"
"Mier y Noriega","19036"
"Melchor Ocampo","19035"
"Mar,"19034"
"Lampazos de Naranjo","19032"
"Iturbide","19030"
"Hualahuises","19029"
"Higueras","19028"
"Los Herreras","19027"
"Gral. Zaragoza","19024"
"Gral. Trevi,"19023"
"Gral. Ter,"19022"
"Galeana","19017"
"Dr. Gonz,"19016"
"Dr. Arroyo","19014"
"Cerralvo","19011"
"Cadereyta Jim,"19009"
"Aramberri","19007"
"An,"19005"
"Allende","19004"
"Agualeguas","19002"
"Torre,"5035"
"Parras","5024"
"Matamoros","5017"
"Zaragoza","5038"
"Villa Uni,"5037"
"Viesca","5036"
"Sierra Mojada","5034"
"San Pedro","5033"
"San Juan de Sabinas","5032"
"San Buenaventura","5031"
"Saltillo","5030"
"Sacramento","5029"
"Sabinas","5028"
"Ramos Arizpe","5027"
"Progreso","5026"
"Piedras Negras","5025"
"Ocampo","5023"
"Nava","5022"
"Nadadores","5021"
"M,"5020"
"Morelos","5019"
"Monclova","5018"
"Lamadrid","5016"
"Ju,"5015"
"Jim,"5014"
"Hidalgo","5013"
"Guerrero","5012"
"General Cepeda","5011"
"Frontera","5010"
"Francisco I. Madero","5009"
"Escobedo","5008"
"Cuatro Ci,"5007"
"Casta,"5006"
"Candela","5005"
"Arteaga","5004"
"Allende","5003"
"Acu,"5002"
"Abasolo","5001"
"Hidalgo","28016"
"Nuevo Laredo","28027"
"Gonz,"28012"
"Victoria","28041"
"Tula","28039"
"Casas","28008"
"Llera","28019"
"M,"28023"
"Abasolo","28001"
"Aldama","28002"
"Antiguo Morelos","28004"
"Burgos","28005"
"Cruillas","28010"
"Jim,"28018"
"Nuevo Morelos","28028"
"Ocampo","28029"
"Soto la Marina","28037"
"Valle Hermoso","28040"
"Mainero","28020"
"Gustavo D,"28015"
"Jaumave","28017"
"Miquihuana","28026"
"Camargo","28007"
"San Carlos","28034"
"San Nicol,"28036"
"Villagr,"28042"
"Bustamante","28006"
"Palmillas","28031"
"San Fernando","28035"
"Guerrero","28014"
"Mier","28024"
"Tampico","28038"
"Ciudad Madero","28009"
"Altamira","28003"
"Xicot,"28043"
"G,"28011"
"El Mante","28021"
"G,"28013"
"Padilla","28030"
"Matamoros","28022"
"Reynosa","28032"
"R,"28033"
"Miguel Alem,"28025"
"M,"31050"
"Kanas,"31041"
"Progreso","31059"
"Celest,"31011"
"Chichimil,"31021"
"Chochol,"31023"
"Sotuta","31069"
"Sinanch,"31068"
"Sey,"31067"
"Santa Elena","31066"
"San Felipe","31065"
"Sanahcat","31064"
"Samahil","31063"
"Sacalum","31062"
"R,"31061"
"Quintana Roo","31060"
"Peto","31058"
"Panab,"31057"
"Oxkutzcab","31056"
"Opich,"31055"
"Muxupip","31054"
"Muna","31053"
"Mococh,"31051"
"Mayap,"31049"
"Maxcan,"31048"
"Man,"31047"
"Mama","31046"
"Kopom,"31045"
"Kinchil","31044"
"Kaua","31043"
"Kantunil","31042"
"Izamal","31040"
"Ixil","31039"
"Hunucm,"31038"
"Huh,"31037"
"Hoct,"31035"
"Hocab,"31034"
"Espita","31032"
"Dzoncauich","31031"
"Dzit,"31030"
"Dzilam Gonz,"31029"
"Dzilam de Bravo","31028"
"Dzidzant,"31027"
"Dzemul","31026"
"Dz,"31025"
"Chumayel","31024"
"Chikindzonot","31022"
"Chicxulub Pueblo","31020"
"Chemax","31019"
"Chapab","31018"
"Chankom","31017"
"Chacsink,"31016"
"Yoba,"31106"
"Yaxkukul","31105"
"Yaxcab,"31104"
"Xocchel","31103"
"Valladolid","31102"
"Um,"31101"
"Uc,"31100"
"Uayma","31099"
"Tzucacab","31098"
"Tunk,"31097"
"Tizim,"31096"
"Tixp,"31095"
"Tixmehuac","31094"
"Tixkokob","31093"
"Tixcacalcupul","31092"
"Tinum","31091"
"Timucuy","31090"
"Ticul","31089"
"Teya","31088"
"Tetiz","31087"
"Tepak,"31086"
"Temoz,"31085"
"Temax","31084"
"Telchac Puerto","31083"
"Telchac Pueblo","31082"
"Tekom","31081"
"Tekit","31080"
"Tekax","31079"
"Tekant,"31078"
"Tekal de Venegas","31077"
"Tecoh","31076"
"Teabo","31075"
"Tahmek","31074"
"Tahdzi,"31073"
"Suma","31072"
"Sudzal","31071"
"Sucil,"31070"
"Cuncunul","31014"
"Conkal","31013"
"Cenotillo","31012"
"Cantamayec","31010"
"Cansahcab","31009"
"Calotmul","31008"
"Cacalch,"31007"
"Buctzotz","31006"
"Bokob,"31005"
"Baca","31004"
"Akil","31003"
"Acanceh","31002"
"Abal,"31001"
"Halach,"31033"
"Hom,"31036"
"Cuzam,"31015"
"Motul","31052"
"Palizada","4007"
"Carmen","4003"
"Calkin,"4001"
"Hecelchak,"4005"
"Campeche","4002"
"Candelaria","4011"
"Calakmul","4010"
"Esc,"4009"
"Tenabo","4008"
"Hopelch,"4006"
"Champot,"4004"
"Oth,"23004"
"Benito Ju,"23005"
"Jos,"23006"
"Solidaridad","23008"
"Tulum","23009"
"Felipe Carrillo Puerto","23002"
"Cozumel","23001"
"L,"23007"
"Isla Mujeres","23003"
"Tultepec","15108"
"Nextlalpan","15059"
"Tultitl,"15109"
